{"cameraMode":{"drawMode":2,"name":"Shaded Wireframe","section":"Shading Mode"},"sceneLighting":false,"audioPlay":false,"sceneViewState":{"m_AlwaysRefresh":false,"showFog":true,"showSkybox":false,"showFlares":true,"showImageEffects":true,"showParticleSystems":true,"showVisualEffectGraphs":true,"m_FxEnabled":true},"in2DMode":false,"pivot":{"x":431.10784912109377,"y":301.23516845703127,"z":-523.1187744140625},"rotation":{"x":-0.002694733440876007,"y":0.014144299551844597,"z":-0.00012180380872450769,"w":0.999943196773529},"size":70.71067810058594,"orthographic":false}