{"cameraMode":{"drawMode":0,"name":"Shaded","section":"Shading Mode"},"sceneLighting":true,"audioPlay":false,"sceneViewState":{"m_AlwaysRefresh":true,"showFog":true,"showSkybox":true,"showFlares":true,"showImageEffects":true,"showParticleSystems":true,"showVisualEffectGraphs":true,"m_FxEnabled":true},"in2DMode":false,"pivot":{"x":-1.7281445264816285,"y":-10.71267032623291,"z":37.25712966918945},"rotation":{"x":0.16307181119918824,"y":-0.02045474573969841,"z":0.003101271577179432,"w":0.986544668674469},"size":22.849157333374025,"orthographic":false}